﻿[
  {
    "id": "789570b6-1cfc-d547-117e-72d5bdc4a685",
    "author": "",
    "description": "",
    "created": "2020-11-28T19:23:47.82Z",
    "last_updated": "2020-12-10T15:25:33.202Z",
    "developer_name": "Fujiya Instruments",
    "product_name": "VHG",
    "instrument_name": "Sample",
    "articulations": [
      {
        "name": "Hoge",
        "midi_message": {
          "note_on": [
            {
              "status": 144,
              "channel": 0,
              "data1": 0,
              "data2": 100
            }
          ],
          "control_change": [],
          "program_change": []
        },
        "extra": {
          "Baba": "baba is baba"
        }
      },
      {
        "name": "Huga",
        "midi_message": {
          "note_on": [
            {
              "status": 144,
              "channel": 0,
              "data1": 1,
              "data2": 100
            }
          ],
          "control_change": [],
          "program_change": []
        },
        "extra": {}
      }
    ],
    "extra": {}
  }
]